{
  "web/vite.config.ts": 1776095609.9556746,
  "web/embed.go": 1776095609.947566,
  "web/svelte.config.js": 1776095609.9556746,
  "web/src/App.svelte": 1776095609.951566,
  "web/src/main.ts": 1776095609.9542077,
  "web/src/components/ParcelCard.svelte": 1776095609.952898,
  "web/src/components/ParcelTimeline.svelte": 1776095609.952898,
  "web/src/components/ToastContainer.svelte": 1776095609.952898,
  "web/src/components/StatusBadge.svelte": 1776095609.952898,
  "web/src/components/Navbar.svelte": 1776095609.9525106,
  "web/src/lib/utils.ts": 1776095609.9542077,
  "web/src/lib/api.ts": 1776095609.952898,
  "web/src/lib/toast.svelte.ts": 1776095609.9542077,
  "web/src/lib/push.svelte.ts": 1776095609.9542077,
  "web/src/lib/i18n.svelte.ts": 1776095609.9542077,
  "web/src/pages/AddParcel.svelte": 1776095609.9542077,
  "web/src/pages/Dashboard.svelte": 1776095609.9556746,
  "web/src/pages/ParcelDetail.svelte": 1776095609.9556746,
  "web/src/pages/NotFound.svelte": 1776095609.9556746,
  "web/src/pages/Login.svelte": 1776095609.9556746,
  "web/public/sw.js": 1776095609.9513736,
  "cmd/parcel-tracker/main.go": 1776095609.9326148,
  "internal/model/parcel.go": 1776095609.937103,
  "internal/server/ratelimit.go": 1776095609.939566,
  "internal/server/server_test.go": 1776095609.9406164,
  "internal/server/security.go": 1776095609.9406164,
  "internal/server/spa.go": 1776095609.9406164,
  "internal/server/server.go": 1776095609.9406164,
  "internal/config/config_test.go": 1776095609.9363163,
  "internal/config/config.go": 1776095609.935566,
  "internal/auth/middleware.go": 1776095609.9352942,
  "internal/auth/auth_test.go": 1776095609.9352942,
  "internal/auth/auth.go": 1776095609.934664,
  "internal/handler/parcels.go": 1776095609.937103,
  "internal/handler/health.go": 1776095609.937103,
  "internal/handler/notifications.go": 1776095609.937103,
  "internal/handler/handler_test.go": 1776095609.937103,
  "internal/handler/handler.go": 1776095609.937103,
  "internal/handler/events.go": 1776095609.937103,
  "internal/handler/auth.go": 1776095609.9363163,
  "internal/tracker/colisprive.go": 1776095609.9433515,
  "internal/tracker/relaiscolis.go": 1776095609.943566,
  "internal/tracker/dpd_test.go": 1776095609.943566,
  "internal/tracker/vintedgo.go": 1776095609.943566,
  "internal/tracker/laposte.go": 1776095609.943566,
  "internal/tracker/laposte_test.go": 1776095609.943566,
  "internal/tracker/worker.go": 1776095609.947566,
  "internal/tracker/colissimo_test.go": 1776095609.943566,
  "internal/tracker/mock.go": 1776095609.943566,
  "internal/tracker/mondialrelay_test.go": 1776095609.943566,
  "internal/tracker/chronopost.go": 1776095609.9422958,
  "internal/tracker/tracker.go": 1776095609.943566,
  "internal/tracker/colisprive_test.go": 1776095609.9433515,
  "internal/tracker/manual.go": 1776095609.943566,
  "internal/tracker/colissimo.go": 1776095609.943566,
  "internal/tracker/gls.go": 1776095609.943566,
  "internal/tracker/vintedgo_test.go": 1776095609.947566,
  "internal/tracker/registry_test.go": 1776095609.943566,
  "internal/tracker/dpd.go": 1776095609.943566,
  "internal/tracker/relaiscolis_test.go": 1776095609.943566,
  "internal/tracker/chronopost_test.go": 1776095609.9433515,
  "internal/tracker/worker_test.go": 1776095609.947566,
  "internal/tracker/gls_test.go": 1776095609.943566,
  "internal/tracker/mondialrelay.go": 1776095609.943566,
  "internal/store/store.go": 1776095609.9422958,
  "internal/store/sqlite.go": 1776095609.9406164,
  "internal/store/sqlite_test.go": 1776095609.9422958,
  "internal/notifier/notifier.go": 1776095609.937103,
  "README.md": 1776095609.931566,
  "CLAUDE.md": 1776098993.8731306,
  "TEST_COVERAGE_ANALYSIS.md": 1776095609.931566,
  "graphify-out/GRAPH_REPORT.md": 1776105168.913362,
  "graphify-out/memory/query_20260413_182851_what_connects_parcel_trackingevent_bucket_to_the_r.md": 1776104931.1133478,
  "graphify-out/memory/query_20260413_182847_why_does_registry_bridge_handler___model_layer__au.md": 1776104927.0271149,
  "web/public/icon-192.png": 1776095609.9492748,
  "web/public/icon-512.png": 1776095609.9513736
}